INSERT INTO eat (id,name,area,genre,detail,star,link,pic,inside,outside,food) VALUES ('1','No.4','市ヶ谷','洋食','パン','3.72','https://www.tysons.jp/no4/','https://ichigaya-mag.com/wp-content/uploads/2020/11/201127_b_06.jpg','https://tblg.k-img.com/restaurant/images/Rvw/61736/640x640_rect_61736803.jpg','https://tblg.k-img.com/restaurant/images/Rvw/61736/640x640_rect_61736840.jpg','https://tblg.k-img.com/restaurant/images/Rvw/127907/640x640_rect_127907827.jpg');
INSERT INTO eat (id,name,area,genre,detail,star,link,pic,inside,outside,food) VALUES ('2','呑める喫茶店イイジカン','市ヶ谷','洋食','ワインバー','3.57','https://www.instagram.com/iijikan_koujimachi/','https://tblg.k-img.com/restaurant/images/Rvw/174400/640x640_rect_8b7d389f1d534bbb43af4bb83f545bf5.jpg','https://tblg.k-img.com/restaurant/images/Rvw/196229/640x640_rect_c30c2075733861e80d3a0ded67d3427e.jpg','https://tblg.k-img.com/restaurant/images/Rvw/196217/640x640_rect_f27da6019829e28cd26d5dd11b19ddda.jpg','https://tblg.k-img.com/restaurant/images/Rvw/196229/640x640_rect_ef1ceef88d39308faef5880d763f7c82.jpg');
INSERT INTO eat (id,name,area,genre,detail,star,link,pic,inside,outside,food) VALUES ('3','グローブ デュ モンド','市ヶ谷','洋食','フレンチ','3.52','https://www.instagram.com/globedumonde/','https://th.bing.com/th/id/R.906b56d37804c78268e9747e014e1df7?rik=rkrKlEcSwTa%2bfQ&riu=http%3a%2f%2fstatic.flickr.com%2f104%2f312021316_cdf0516529_o.jpg&ehk=3eXWS5hCmInT9GhGrTddfnjtguIquYSI38OLopQAeLo%3d&risl=&pid=ImgRaw&r=0','https://tblg.k-img.com/restaurant/images/Rvw/14667/640x640_rect_14667052.jpg','https://tblg.k-img.com/restaurant/images/Rvw/6144/640x640_rect_6144891.jpg','https://tblg.k-img.com/restaurant/images/Rvw/167054/640x640_rect_9b738d8d466ea3d2b28eda9123138b8f.jpg');
INSERT INTO eat (id,name,area,genre,detail,star,link,pic,inside,outside,food) VALUES ('4','旬菜ステーキ処 らいむらいと','市ヶ谷','洋食','ハンバーグ','3.61','http://limelight.tokyo/','https://limelight.tokyo/img/menu/lunch/02-02.jpg','https://tblg.k-img.com/restaurant/images/Rvw/7295/640x640_rect_7295978.jpg','https://tblg.k-img.com/restaurant/images/Rvw/146599/640x640_rect_146599076.jpg','https://tblg.k-img.com/restaurant/images/Rvw/25894/640x640_rect_25894638.jpg');
INSERT INTO eat (id,name,area,genre,detail,star,link,pic,inside,outside,food) VALUES ('5','とんかつ 河むら','市ヶ谷','和食','とんかつ','3.44','https://tonkatsukawamura.owst.jp','https://cdn.jalan.jp/jalan/img/8/spot/0548/KL/foomoojH000548059_1.jpg','https://tblg.k-img.com/restaurant/images/Rvw/176003/640x640_rect_b776a3689eca5b5d454d0f30ca3470cb.jpg','https://tblg.k-img.com/restaurant/images/Rvw/196280/640x640_rect_2dbb5b458ce1b5c78c8201c462ee90ca.jpg','https://tblg.k-img.com/restaurant/images/Rvw/134280/640x640_rect_134280083.jpg');
INSERT INTO eat (id,name,area,genre,detail,star,link,pic,inside,outside,food) VALUES ('6','香港華記茶餐廳','市ヶ谷','中華','香港料理','3.34','https://www.facebook.com/wahkeejapan/','https://tblg.k-img.com/resize/660x370c/restaurant/images/Rvw/89864/89864133.jpg?token=5d05791&api=v2','https://tblg.k-img.com/restaurant/images/Rvw/89864/640x640_rect_89864024.jpg','https://tblg.k-img.com/restaurant/images/Rvw/100948/640x640_rect_100948136.jpg','https://tblg.k-img.com/restaurant/images/Rvw/89863/640x640_rect_89863271.jpg');
INSERT INTO eat (id,name,area,genre,detail,star,link,pic,inside,outside,food) VALUES ('7','タイの食卓 オールドタイランド','市ヶ谷','その他','カレー','3.47','http://www.sscy.co.jp/oldthailand/shopinfo_ichigaya.html','https://rimage.gnst.jp/rest/img/8wuhetrf0000/s_0n5m.jpg?t=1564420805','https://tblg.k-img.com/restaurant/images/Rvw/41328/640x640_rect_41328873.jpg','https://tblg.k-img.com/restaurant/images/Rvw/202519/640x640_rect_7b1846b4b30687565f5c32df5f2ed1cb.jpg','https://tblg.k-img.com/restaurant/images/Rvw/128539/640x640_rect_128539202.jpg');
INSERT INTO eat (id,name,area,genre,detail,star,link,pic,inside,outside,food) VALUES ('8','銀座洋食 三笠會館','池袋','洋食','洋食','3.49','http://www.mikasakaikan.co.jp/restaurant/yoshoku/ginzayoshoku-mikasakaikan/index','https://www.mikasakaikan.co.jp/admin/wp-content/uploads/2017/06/f6f77a1616e27fc34eb1a81aa7dc6262.jpg','https://tblg.k-img.com/restaurant/images/Rvw/41388/640x640_rect_41388322.jpg','https://tblg.k-img.com/restaurant/images/Rvw/83710/83710776.jpg','https://tblg.k-img.com/restaurant/images/Rvw/116687/640x640_rect_116687058.jpg');
INSERT INTO eat (id,name,area,genre,detail,star,link,pic,inside,outside,food) VALUES ('9','アリヤ 清真美食','池袋','中華','新疆料理','3.43','https://gftv700.gorp.jp/','https://image.space.rakuten.co.jp/d/strg/ctrl/9/99f7a51413b1f1af6b20b12573de9d6ab4b8f23f.12.2.9.2.jpeg','https://tblg.k-img.com/restaurant/images/Rvw/81860/640x640_rect_81860354.jpg','https://tblg.k-img.com/restaurant/images/Rvw/196634/640x640_rect_834229c0fa515549b8183411a8348702.jpg','https://tblg.k-img.com/restaurant/images/Rvw/182617/640x640_rect_66fe68419dee08cbdb2fbf705a5e9d8d.jpg');
INSERT INTO eat (id,name,area,genre,detail,star,link,pic,inside,outside,food) VALUES ('10','回し寿司 活 活美登利','池袋','和食','寿司','3.49','https://katumidori.co.jp/','https://lh5.googleusercontent.com/proxy/a4wU9vp02FvFCXqNfw7RIJjLxbY3CGqejBEnaqrMV56dNdV2ytiLqB479pTdEGGw6gkJK_Dqy-GVyjmJogi-Qlx3gp4wo4gA-lSnCUB2slGU8I5m2aE17NBLH3MIv1Ta=w1200-h630-p-k-no-nu','https://tblg.k-img.com/restaurant/images/Rvw/95669/640x640_rect_95669870.jpg','https://tblg.k-img.com/restaurant/images/Rvw/188145/640x640_rect_8a9d17a97b6264d5198580706e8364fc.jpg','https://tblg.k-img.com/restaurant/images/Rvw/141654/640x640_rect_141654424.jpg');
INSERT INTO eat (id,name,area,genre,detail,star,link,pic,inside,outside,food) VALUES ('11','ブラッスリー・ル・リオン','池袋','洋食','フレンチ','3.46','https://lelion.owst.jp/','https://tblg.k-img.com/restaurant/images/Rvw/76085/640x640_rect_76085973.jpg','https://tblg.k-img.com/restaurant/images/Rvw/32995/640x640_rect_32995037.jpg','https://tblg.k-img.com/restaurant/images/Rvw/89555/640x640_rect_89555946.jpg','https://tblg.k-img.com/restaurant/images/Rvw/33980/640x640_rect_33980764.jpg');
INSERT INTO eat (id,name,area,genre,detail,star,link,pic,inside,outside,food) VALUES ('12','天下一品','池袋','中華','ラーメン','3.25','http://www.tenkaippin.co.jp/','https://kai-you.net/r/img_words/15181/c688x516/d41d8cd98f00b204e9800998ecf8427e.jpg','https://tblg.k-img.com/restaurant/images/Rvw/150548/640x640_rect_150548673.jpg','https://tblg.k-img.com/restaurant/images/Rvw/43369/640x640_rect_43369066.jpg','https://tblg.k-img.com/restaurant/images/Rvw/143096/640x640_rect_143096061.jpg');
INSERT INTO eat (id,name,area,genre,detail,star,link,pic,inside,outside,food) VALUES ('13','和食・酒 えん','池袋','和食','居酒屋','3.33','https://en-ikebukuro-parco.com','https://th.bing.com/th/id/R.124fa4b6ac201da3195942d5c82100be?rik=%2b%2bT6cZmrGPCkYg&riu=http%3a%2f%2fwww.towers.jp%2fwebroot%2frestaurant%2fimg%2fscene-info-photo-rooms4.png&ehk=COakN07LCTM7jGP8ttLhtKsH1nuVWLMKWOYFObzU8xc%3d&risl=&pid=ImgRaw&r=0','https://tblg.k-img.com/restaurant/images/Rvw/29803/640x640_rect_29803584.jpg','https://tblg.k-img.com/restaurant/images/Rvw/143880/640x640_rect_143880509.jpg','https://tblg.k-img.com/restaurant/images/Rvw/174562/640x640_rect_0571d82453bc002b0ebba0b578847dd6.jpg');
INSERT INTO eat (id,name,area,genre,detail,star,link,pic,inside,outside,food) VALUES ('14','ビストロカフェ レディース&ジェントルメン','新宿','洋食','オムライス','3.48','https://www.transit-web.com/content/shops/bistro_cafe_ladiesgentlemen/','https://ximg.retty.me/resize/s600x600/q80/das/-/retty/img_repo/l/01/19590730.jpg','https://tblg.k-img.com/restaurant/images/Rvw/72171/640x640_rect_72171273.jpg','https://tblg.k-img.com/restaurant/images/Rvw/72171/640x640_rect_72171302.jpg','https://tblg.k-img.com/restaurant/images/Rvw/190222/640x640_rect_b327cf2bec9cf9d5b3ee081f986d3ab3.jpg');
INSERT INTO eat (id,name,area,genre,detail,star,link,pic,inside,outside,food) VALUES ('15','Oyster Bar ジャックポット','新宿','洋食','オイスターバー','3.43','https://www.jack-pot.co.jp/brands/oyster_bar_jackpot-shinjuku/','https://tblg.k-img.com/restaurant/images/Rvw/78372/640x640_rect_78372372.jpg','https://tblg.k-img.com/restaurant/images/Rvw/5383/640x640_rect_5383977.jpg','https://tblg.k-img.com/restaurant/images/Rvw/65697/640x640_rect_65697893.jpg','https://tblg.k-img.com/restaurant/images/Rvw/65698/640x640_rect_65698193.jpg');
INSERT INTO eat (id,name,area,genre,detail,star,link,pic,inside,outside,food) VALUES ('16','土佐料理 祢保希','新宿','和食','しゃぶしゃぶ','3.47','https://www.katsuo.co.jp/neboke-shinjuku/','https://tblg.k-img.com/resize/660x370c/restaurant/images/Rvw/130960/130960509.jpg?token=27aacea&api=v2','https://tblg.k-img.com/restaurant/images/Rvw/47543/640x640_rect_47543499.jpg','https://tblg.k-img.com/restaurant/images/Rvw/43990/640x640_rect_43990494.jpg','https://tblg.k-img.com/restaurant/images/Rvw/174414/640x640_rect_d877ba2bdac349e31783a9fd0e7d59e7.jpg');
INSERT INTO eat (id,name,area,genre,detail,star,link,pic,inside,outside,food) VALUES ('17','添好運','新宿','中華','香港料理','3.49','http://timhowan.jp','https://th.bing.com/th/id/OIP.-jVe84XT1HIO_ZEr88SRzwHaE7?pid=ImgDet&rs=1','https://tblg.k-img.com/restaurant/images/Rvw/126603/640x640_rect_126603803.jpg','https://tblg.k-img.com/restaurant/images/Rvw/201263/640x640_rect_5de7a728f05a3ba568da3bce880832ae.jpg','https://tblg.k-img.com/restaurant/images/Rvw/138895/640x640_rect_138895647.jpg');
INSERT INTO eat (id,name,area,genre,detail,star,link,pic,inside,outside,food) VALUES ('18','tavern on S <es>','新宿','洋食','アメリカ料理','3.49','http://tavernons.jp/','https://tblg.k-img.com/restaurant/images/Rvw/189977/ea62d3eee47e0bb3b2b70f5a6dba207c.jpg','https://tblg.k-img.com/restaurant/images/Rvw/135686/640x640_rect_135686982.jpg','https://tblg.k-img.com/restaurant/images/Rvw/73265/640x640_rect_73265136.jpg','https://tblg.k-img.com/restaurant/images/Rvw/138648/640x640_rect_138648347.jpg');
INSERT INTO eat (id,name,area,genre,detail,star,link,pic,inside,outside,food) VALUES ('19','韓国料理 水刺齋','新宿','その他','韓国料理','3.46','http://suranje.com/','https://tblg.k-img.com/resize/660x370c/restaurant/images/Rvw/24852/24852642.jpg?token=0507729&api=v2','https://tblg.k-img.com/restaurant/images/Rvw/9081/640x640_rect_9081414.jpg','https://tblg.k-img.com/restaurant/images/Rvw/162127/640x640_rect_162127666.jpg','https://tblg.k-img.com/restaurant/images/Rvw/70924/640x640_rect_70924145.jpg');


INSERT INTO comments (eatid,bango,namae,comment) VALUES ('1','1','はると','フレンチトーストがふわふわでおいしかったです');
INSERT INTO comments (eatid,bango,namae,comment) VALUES ('2','2','luck_4413','プリンもガトーショコラも濃厚で美味しかったです。店員さんも気さくに話しかけてくれて居心地がよかったです。まさにイイジカン。');
INSERT INTO comments (eatid,bango,namae,comment) VALUES ('3','3','みほこ','ランチセットは選べるオードブルとメインディッシュだけでなく、手作りデザートプレートとドリンク付きで超お得。オードブルのソースは主にパセリのヴェルデソースとオリーブオイル。メインディッシュは、カモのコンフィや魚の包み焼などがおすすめです。トマトソースやバターソースなどが使われています。');
INSERT INTO comments (eatid,bango,namae,comment) VALUES ('4','4','張三','ソースがガーリック風味でおいしかったです。ガーリックライスもつけておなかいっぱいです！');
INSERT INTO comments (eatid,bango,namae,comment) VALUES ('5','5','caesar','市ヶ谷でとんかつといえばここしかない。上ロースを食べましたが評判通りサクサクでとてもおいしかったです。');
INSERT INTO comments (eatid,bango,namae,comment) VALUES ('6','6','al5.h243o52hq','一回目はおいしかったですが、行く回数が増えると、味付けが雑だと感じました。やはり広東人の料理人でないといけないですね。');
INSERT INTO comments (eatid,bango,namae,comment) VALUES ('7','7','弥勒菩薩','オープンテラスの席は、交差点が一望できて解放感がすごく良い。店内のインテリアもおしゃれです。ランチセットは春巻きとスープ付きですが、メインディッシュは結構時間かかります。');
INSERT INTO comments (eatid,bango,namae,comment) VALUES ('8','8','qwer','さすが老舗の人気店。唐揚げとカキフライとシーザーサラダをたべましたがどれも絶品でした。また今度ほかのお料理も食べてみたいです。');
INSERT INTO comments (eatid,bango,namae,comment) VALUES ('9','4','張三','総体来説不像是新疆人開的，像是東北人開的。有烤羊排和拉皮之類的新疆菜，但菜单裏鍋包肉和地三鮮之類的東北菜也很多，而且整体很咸。羊肉串類的全是冷凍的肉，不是很新鮮。');
INSERT INTO comments (eatid,bango,namae,comment) VALUES ('10','6','al5.h243o52hq','チェーンの回転ずしとは比べ物にならないおいしさ！鮮度や質が違います。客層もよく衛生面の心配もないです。');
INSERT INTO comments (eatid,bango,namae,comment) VALUES ('11','5','caesar','This restaurant is located in Ikebukuro Seibu department store, featuring french cuisine especially lyon. The scallops and escargot was tender and rich. However, the steak was not stunning but cost too much. ');
INSERT INTO comments (eatid,bango,namae,comment) VALUES ('12','1','はると','スープがめちゃくちゃこってりです。しかし定期的に食べたくなるこの味…');
INSERT INTO comments (eatid,bango,namae,comment) VALUES ('13','2','luck_4413','おいしく健康的で心にしみます。。。');
INSERT INTO comments (eatid,bango,namae,comment) VALUES ('14','3','みほこ','卵がふわふわで今まで食べたオムライスの中で一番おいしかったです。伊勢丹の中にあり場所もわかりやすいです。ゆっくりと落ち着いた時間を過ごせました。');
INSERT INTO comments (eatid,bango,namae,comment) VALUES ('15','4','張三','何度来てもおいしい。カキのピザにはたっぷりのモッツアレラチーズとズッキーニが乗ってておすすめです。ランチタイムにも生カキはあります。');
INSERT INTO comments (eatid,bango,namae,comment) VALUES ('16','5','caesar','クジラのしゃぶしゃぶは初めてでした。土佐名物であるカツオの藁焼きも非常に香ばしい。店員さんはとても丁寧で、楽しく過ごしました。');
INSERT INTO comments (eatid,bango,namae,comment) VALUES ('17','6','al5.h243o52hq','利用している客は中国人より日本人が多いですが、味はちゃんと本場の味をしています。ただし、値段が高いだけでなく、サービス料も取られました。');
INSERT INTO comments (eatid,bango,namae,comment) VALUES ('18','7','弥勒菩薩','メインディッシュよりデザートの方が印象的でした。デザートは量が多いだけでなく、味もしっかりしています。店内の雰囲気もすごくいいです。');
INSERT INTO comments (eatid,bango,namae,comment) VALUES ('19','8','qwer','高島屋にあるのでコスパが非常に悪い。しかしクオリティーが低いです。味が普通で量も少ない。やはり韓国料理は新大久保の方がいいかもしれません。');
INSERT INTO comments (eatid,bango,namae,comment) VALUES ('3','4','張三','いつも美味しく頂いています！前菜は素朴な味付けで食材本来の味を120%引き立っている。メインのイトヨリは分厚くて柔らかい。');
INSERT INTO comments (eatid,bango,namae,comment) VALUES ('3','5','caesar','市ヶ谷から飯田橋方面に行く途中にあるお店。夫婦二人が経営しているお店で、めちゃくちゃ美味いしボリュームも多い。エイのワイン蒸し焼きは柔らかい。ソースに溶け込んだバターの香りがパンとの相性はばつぐん。パンは自家製で、お代わりもできます。');
INSERT INTO comments (eatid,bango,namae,comment) VALUES ('3','6','al5.h243o52hq','A restaurant that I stop by every time I go to Ichigaya. Very satisfied with homely taste and volume! ︎ The lunch menu is very rich and I love the homemade dessert platter. There is also a delicious coffee or tea coming with dessert.');
INSERT INTO comments (eatid,bango,namae,comment) VALUES ('16','7','弥勒菩薩','こちらのお店は、新宿野村ビルの50階に有り、窓からはすばらしい夜景が望めます。店内は広くテーブル席以外にも、和室、個室とかもあるようです。お店の方も非常に感じが良くて、いろいろとお話をすることが出来ました。窓からの景色も良く、大切な日のお食事にも使えそうです。');
INSERT INTO comments (eatid,bango,namae,comment) VALUES ('16','8','qwer','お席を予約する場合、1,800円以上のコースの注文が必要です。鰹のたたきには生姜or薄切りのニンニクor両方を添えることができます。ご飯はおかわり無料です。肉厚の炭火焼の鰹のたたきはお薬味やわかめをたっぷりのせていただきました。5貫でお腹いっぱいです。春カツオ、旬の味覚は格別です。');
INSERT INTO comments (eatid,bango,namae,comment) VALUES ('1','4','張三','人気のベーカリーというということでランチタイムには行列ができていました(-_-;)お昼時行かれる方は予約必須ですね');
INSERT INTO comments (eatid,bango,namae,comment) VALUES ('1','6','al5.h243o52hq','フレンチトーストを食べましたがサクサクしてて柔らかくとても絶品でした(^▽^)/またいけたらいいな！');
INSERT INTO comments (eatid,bango,namae,comment) VALUES ('1','5','caesar','a restaurant that I stop by every time I go to Ichigaya. Very satisfied with homely taste and volume! ︎ The lunch menu is very rich and I love the homemade dessert platter. There is also a delicious coffee or tea coming with dessert.');
INSERT INTO comments (eatid,bango,namae,comment) VALUES ('4','1','はると','仕事終わりに同期と食べに行きました。一見ソースはチーズ風味なのかなと思いましたがガーリックバター風味で驚きました。ボリューミーで元気が出ました。');
INSERT INTO comments (eatid,bango,namae,comment) VALUES ('4','2','luck_4413','大好きなアイドルの番組で紹介されたので行ってみました！落ち着いた雰囲気で囲碁ごちがよかったです。料理はノーマルとチーズで迷った挙句チーズを選択、、悔いなし、、、ただ気になるのでまた今度ノーマルバージョンにも挑戦してみたいな。');



INSERT INTO human (bango,namae,password) VALUES ('1','はると','111');
INSERT INTO human (bango,namae,password) VALUES ('2','luck_4413','222');
INSERT INTO human (bango,namae,password) VALUES ('3','みほこ','333');
INSERT INTO human (bango,namae,password) VALUES ('4','張三','444');
INSERT INTO human (bango,namae,password) VALUES ('5','caesar','555');
INSERT INTO human (bango,namae,password) VALUES ('6','al5.h243o52hq','666');
INSERT INTO human (bango,namae,password) VALUES ('7','弥勒菩薩','777');
INSERT INTO human (bango,namae,password) VALUES ('8','qwer','1234');

