
INSERT INTO eat (id,name,area,genre,detail,star,link,pic,inside,outside,food,read,flag) VALUES ('1','No.4','市ヶ谷','洋食','パン','3.72','https://www.tysons.jp/no4/','https://ichigaya-mag.com/wp-content/uploads/2020/11/201127_b_06.jpg','https://tblg.k-img.com/restaurant/images/Rvw/61736/640x640_rect_61736803.jpg','https://tblg.k-img.com/restaurant/images/Rvw/61736/640x640_rect_61736840.jpg','https://tblg.k-img.com/restaurant/images/Rvw/127907/640x640_rect_127907827.jpg','','https://cdn.pixabay.com/photo/2013/07/13/14/15/france-162295_1280.png');
INSERT INTO eat (id,name,area,genre,detail,star,link,pic,inside,outside,food,read,flag) VALUES ('2','呑める喫茶店イイジカン','市ヶ谷','洋食','ワインバー','3.57','https://www.instagram.com/iijikan_koujimachi/','https://tblg.k-img.com/restaurant/images/Rvw/174400/640x640_rect_8b7d389f1d534bbb43af4bb83f545bf5.jpg','https://tblg.k-img.com/restaurant/images/Rvw/196229/640x640_rect_c30c2075733861e80d3a0ded67d3427e.jpg','https://tblg.k-img.com/restaurant/images/Rvw/196217/640x640_rect_f27da6019829e28cd26d5dd11b19ddda.jpg','https://tblg.k-img.com/restaurant/images/Rvw/196229/640x640_rect_ef1ceef88d39308faef5880d763f7c82.jpg','','https://media.istockphoto.com/id/652665310/ja/%E3%83%99%E3%82%AF%E3%82%BF%E3%83%BC/%E3%82%A4%E3%82%BF%E3%83%AA%E3%82%A2.jpg?s=612x612&w=0&k=20&c=Se0moMcDClqqof2ue8YWBfxsIziLbMXGh5IjjHZl3O4=');
INSERT INTO eat (id,name,area,genre,detail,star,link,pic,inside,outside,food,read,flag) VALUES ('3','グローブ デュ モンド','市ヶ谷','洋食','フレンチ','3.52','https://www.instagram.com/globedumonde/','https://th.bing.com/th/id/R.906b56d37804c78268e9747e014e1df7?rik=rkrKlEcSwTa%2bfQ&riu=http%3a%2f%2fstatic.flickr.com%2f104%2f312021316_cdf0516529_o.jpg&ehk=3eXWS5hCmInT9GhGrTddfnjtguIquYSI38OLopQAeLo%3d&risl=&pid=ImgRaw&r=0','https://tblg.k-img.com/restaurant/images/Rvw/14667/640x640_rect_14667052.jpg','https://tblg.k-img.com/restaurant/images/Rvw/6144/640x640_rect_6144891.jpg','https://tblg.k-img.com/restaurant/images/Rvw/167054/640x640_rect_9b738d8d466ea3d2b28eda9123138b8f.jpg','Globe du Monde','https://cdn.pixabay.com/photo/2013/07/13/14/15/france-162295_1280.png');
INSERT INTO eat (id,name,area,genre,detail,star,link,pic,inside,outside,food,read,flag) VALUES ('4','旬菜ステーキ処 らいむらいと','市ヶ谷','洋食','ハンバーグ','3.61','http://limelight.tokyo/','https://limelight.tokyo/img/menu/lunch/02-02.jpg','https://tblg.k-img.com/restaurant/images/Rvw/7295/640x640_rect_7295978.jpg','https://tblg.k-img.com/restaurant/images/Rvw/146599/640x640_rect_146599076.jpg','https://tblg.k-img.com/restaurant/images/Rvw/25894/640x640_rect_25894638.jpg','','https://thumb.photo-ac.com/ae/ae99042c6243c623c79f59262c6b59c5_t.jpeg');
INSERT INTO eat (id,name,area,genre,detail,star,link,pic,inside,outside,food,read,flag) VALUES ('5','とんかつ 河むら','市ヶ谷','和食','とんかつ','3.44','https://tonkatsukawamura.owst.jp','https://cdn.jalan.jp/jalan/img/8/spot/0548/KL/foomoojH000548059_1.jpg','https://tblg.k-img.com/restaurant/images/Rvw/176003/640x640_rect_b776a3689eca5b5d454d0f30ca3470cb.jpg','https://tblg.k-img.com/restaurant/images/Rvw/196280/640x640_rect_2dbb5b458ce1b5c78c8201c462ee90ca.jpg','https://tblg.k-img.com/restaurant/images/Rvw/134280/640x640_rect_134280083.jpg','','https://freesozai.jp/sozai/nation_flag/ntf_131.svg');
INSERT INTO eat (id,name,area,genre,detail,star,link,pic,inside,outside,food,read,flag) VALUES ('6','香港華記茶餐廳','市ヶ谷','中華','香港料理','3.34','https://www.facebook.com/wahkeejapan/','https://tblg.k-img.com/resize/660x370c/restaurant/images/Rvw/89864/89864133.jpg?token=5d05791&api=v2','https://tblg.k-img.com/restaurant/images/Rvw/89864/640x640_rect_89864024.jpg','https://tblg.k-img.com/restaurant/images/Rvw/100948/640x640_rect_100948136.jpg','https://tblg.k-img.com/restaurant/images/Rvw/89863/640x640_rect_89863271.jpg','Xiang Gang Hua Ji Cha Can Ting','https://media.istockphoto.com/id/537287169/ja/%E3%83%99%E3%82%AF%E3%82%BF%E3%83%BC/%E4%B8%AD%E5%9B%BD%E3%81%AE%E5%9B%BD%E6%97%97.jpg?s=612x612&w=0&k=20&c=X83ON7weJhv_ankkZe5H-CNr1F78AB7gxtxYoK6__8I=');
INSERT INTO eat (id,name,area,genre,detail,star,link,pic,inside,outside,food,read,flag) VALUES ('7','タイの食卓 オールドタイランド','市ヶ谷','その他','カレー','3.47','http://www.sscy.co.jp/oldthailand/shopinfo_ichigaya.html','https://rimage.gnst.jp/rest/img/8wuhetrf0000/s_0n5m.jpg?t=1564420805','https://tblg.k-img.com/restaurant/images/Rvw/41328/640x640_rect_41328873.jpg','https://tblg.k-img.com/restaurant/images/Rvw/202519/640x640_rect_7b1846b4b30687565f5c32df5f2ed1cb.jpg','https://tblg.k-img.com/restaurant/images/Rvw/128539/640x640_rect_128539202.jpg','Old Thailand','https://media.istockphoto.com/id/472317757/ja/%E3%83%99%E3%82%AF%E3%82%BF%E3%83%BC/%E3%83%95%E3%83%A9%E3%83%83%E3%82%B0%E3%82%BF%E3%82%A4.jpg?s=612x612&w=0&k=20&c=oJQKZC2IRQkQG9251dDquKxhSNuiVxU9p0EYcBT72Iw=');
INSERT INTO eat (id,name,area,genre,detail,star,link,pic,inside,outside,food,read,flag) VALUES ('8','銀座洋食 三笠會館','池袋','洋食','洋食','3.49','http://www.mikasakaikan.co.jp/restaurant/yoshoku/ginzayoshoku-mikasakaikan/index','https://www.mikasakaikan.co.jp/admin/wp-content/uploads/2017/06/f6f77a1616e27fc34eb1a81aa7dc6262.jpg','https://tblg.k-img.com/restaurant/images/Rvw/41388/640x640_rect_41388322.jpg','https://tblg.k-img.com/restaurant/images/Rvw/83710/83710776.jpg','https://tblg.k-img.com/restaurant/images/Rvw/116687/640x640_rect_116687058.jpg','','https://thumb.photo-ac.com/ae/ae99042c6243c623c79f59262c6b59c5_t.jpeg');
INSERT INTO eat (id,name,area,genre,detail,star,link,pic,inside,outside,food,read,flag) VALUES ('9','アリヤ 清真美食','池袋','中華','新疆料理','3.43','https://gftv700.gorp.jp/','https://image.space.rakuten.co.jp/d/strg/ctrl/9/99f7a51413b1f1af6b20b12573de9d6ab4b8f23f.12.2.9.2.jpeg','https://tblg.k-img.com/restaurant/images/Rvw/81860/640x640_rect_81860354.jpg','https://tblg.k-img.com/restaurant/images/Rvw/196634/640x640_rect_834229c0fa515549b8183411a8348702.jpg','https://tblg.k-img.com/restaurant/images/Rvw/182617/640x640_rect_66fe68419dee08cbdb2fbf705a5e9d8d.jpg','A Li Ya Qing Zhen Mei Shi','https://media.istockphoto.com/id/537287169/ja/%E3%83%99%E3%82%AF%E3%82%BF%E3%83%BC/%E4%B8%AD%E5%9B%BD%E3%81%AE%E5%9B%BD%E6%97%97.jpg?s=612x612&w=0&k=20&c=X83ON7weJhv_ankkZe5H-CNr1F78AB7gxtxYoK6__8I=');
INSERT INTO eat (id,name,area,genre,detail,star,link,pic,inside,outside,food,read,flag) VALUES ('10','回し寿司 活 活美登利','池袋','和食','寿司','3.49','https://katumidori.co.jp/','https://lh5.googleusercontent.com/proxy/a4wU9vp02FvFCXqNfw7RIJjLxbY3CGqejBEnaqrMV56dNdV2ytiLqB479pTdEGGw6gkJK_Dqy-GVyjmJogi-Qlx3gp4wo4gA-lSnCUB2slGU8I5m2aE17NBLH3MIv1Ta=w1200-h630-p-k-no-nu','https://tblg.k-img.com/restaurant/images/Rvw/95669/640x640_rect_95669870.jpg','https://tblg.k-img.com/restaurant/images/Rvw/188145/640x640_rect_8a9d17a97b6264d5198580706e8364fc.jpg','https://tblg.k-img.com/restaurant/images/Rvw/141654/640x640_rect_141654424.jpg','Sushi Katsumidori','https://freesozai.jp/sozai/nation_flag/ntf_131.svg');
INSERT INTO eat (id,name,area,genre,detail,star,link,pic,inside,outside,food,read,flag) VALUES ('11','ブラッスリー・ル・リオン','池袋','洋食','フレンチ','3.46','https://lelion.owst.jp/','https://tblg.k-img.com/restaurant/images/Rvw/76085/640x640_rect_76085973.jpg','https://tblg.k-img.com/restaurant/images/Rvw/32995/640x640_rect_32995037.jpg','https://tblg.k-img.com/restaurant/images/Rvw/89555/640x640_rect_89555946.jpg','https://tblg.k-img.com/restaurant/images/Rvw/33980/640x640_rect_33980764.jpg','Brasserie le lion','https://cdn.pixabay.com/photo/2013/07/13/14/15/france-162295_1280.png');
INSERT INTO eat (id,name,area,genre,detail,star,link,pic,inside,outside,food,read,flag) VALUES ('12','天下一品','池袋','中華','ラーメン','3.25','http://www.tenkaippin.co.jp/','https://kai-you.net/r/img_words/15181/c688x516/d41d8cd98f00b204e9800998ecf8427e.jpg','https://tblg.k-img.com/restaurant/images/Rvw/150548/640x640_rect_150548673.jpg','https://tblg.k-img.com/restaurant/images/Rvw/43369/640x640_rect_43369066.jpg','https://tblg.k-img.com/restaurant/images/Rvw/143096/640x640_rect_143096061.jpg','','https://t3.ftcdn.net/jpg/01/35/01/06/360_F_135010667_3vSNWwRUhl8zHxWbUqUoNip5YRjzz0Hs.jpg');
INSERT INTO eat (id,name,area,genre,detail,star,link,pic,inside,outside,food,read,flag) VALUES ('13','和食・酒 えん','池袋','和食','居酒屋','3.33','https://en-ikebukuro-parco.com','https://th.bing.com/th/id/R.124fa4b6ac201da3195942d5c82100be?rik=%2b%2bT6cZmrGPCkYg&riu=http%3a%2f%2fwww.towers.jp%2fwebroot%2frestaurant%2fimg%2fscene-info-photo-rooms4.png&ehk=COakN07LCTM7jGP8ttLhtKsH1nuVWLMKWOYFObzU8xc%3d&risl=&pid=ImgRaw&r=0','https://tblg.k-img.com/restaurant/images/Rvw/29803/640x640_rect_29803584.jpg','https://tblg.k-img.com/restaurant/images/Rvw/143880/640x640_rect_143880509.jpg','https://tblg.k-img.com/restaurant/images/Rvw/174562/640x640_rect_0571d82453bc002b0ebba0b578847dd6.jpg','','https://freesozai.jp/sozai/nation_flag/ntf_131.svg');
INSERT INTO eat (id,name,area,genre,detail,star,link,pic,inside,outside,food,read,flag) VALUES ('14','ビストロカフェ レディース&ジェントルメン','新宿','洋食','オムライス','3.48','https://www.transit-web.com/content/shops/bistro_cafe_ladiesgentlemen/','https://ximg.retty.me/resize/s600x600/q80/das/-/retty/img_repo/l/01/19590730.jpg','https://tblg.k-img.com/restaurant/images/Rvw/72171/640x640_rect_72171273.jpg','https://tblg.k-img.com/restaurant/images/Rvw/72171/640x640_rect_72171302.jpg','https://tblg.k-img.com/restaurant/images/Rvw/190222/640x640_rect_b327cf2bec9cf9d5b3ee081f986d3ab3.jpg','Ladies & Gentlemen','https://thumb.photo-ac.com/ae/ae99042c6243c623c79f59262c6b59c5_t.jpeg');
INSERT INTO eat (id,name,area,genre,detail,star,link,pic,inside,outside,food,read,flag) VALUES ('15','Oyster Bar ジャックポット','新宿','洋食','オイスターバー','3.43','https://www.jack-pot.co.jp/brands/oyster_bar_jackpot-shinjuku/','https://tblg.k-img.com/restaurant/images/Rvw/78372/640x640_rect_78372372.jpg','https://tblg.k-img.com/restaurant/images/Rvw/5383/640x640_rect_5383977.jpg','https://tblg.k-img.com/restaurant/images/Rvw/65697/640x640_rect_65697893.jpg','https://tblg.k-img.com/restaurant/images/Rvw/65698/640x640_rect_65698193.jpg','Jackpot','https://www.abysse.co.jp/flags/wp-content/uploads/2019/08/4beefb0aff8da8b8bb82bcdcbf5df871.png');
INSERT INTO eat (id,name,area,genre,detail,star,link,pic,inside,outside,food,read,flag) VALUES ('16','土佐料理 祢保希','新宿','和食','しゃぶしゃぶ','3.47','https://www.katsuo.co.jp/neboke-shinjuku/','https://tblg.k-img.com/resize/660x370c/restaurant/images/Rvw/130960/130960509.jpg?token=27aacea&api=v2','https://tblg.k-img.com/restaurant/images/Rvw/47543/640x640_rect_47543499.jpg','https://tblg.k-img.com/restaurant/images/Rvw/43990/640x640_rect_43990494.jpg','https://tblg.k-img.com/restaurant/images/Rvw/174414/640x640_rect_d877ba2bdac349e31783a9fd0e7d59e7.jpg','Neboke','https://freesozai.jp/sozai/nation_flag/ntf_131.svg');
INSERT INTO eat (id,name,area,genre,detail,star,link,pic,inside,outside,food,read,flag) VALUES ('17','添好運','新宿','中華','香港料理','3.49','http://timhowan.jp','https://th.bing.com/th/id/OIP.-jVe84XT1HIO_ZEr88SRzwHaE7?pid=ImgDet&rs=1','https://tblg.k-img.com/restaurant/images/Rvw/126603/640x640_rect_126603803.jpg','https://tblg.k-img.com/restaurant/images/Rvw/201263/640x640_rect_5de7a728f05a3ba568da3bce880832ae.jpg','https://tblg.k-img.com/restaurant/images/Rvw/138895/640x640_rect_138895647.jpg','Tim Ho Wan','https://media.istockphoto.com/id/537287169/ja/%E3%83%99%E3%82%AF%E3%82%BF%E3%83%BC/%E4%B8%AD%E5%9B%BD%E3%81%AE%E5%9B%BD%E6%97%97.jpg?s=612x612&w=0&k=20&c=X83ON7weJhv_ankkZe5H-CNr1F78AB7gxtxYoK6__8I=');
INSERT INTO eat (id,name,area,genre,detail,star,link,pic,inside,outside,food,read,flag) VALUES ('18','タヴァン オン エス','新宿','洋食','アメリカ料理','3.49','http://tavernons.jp/','https://tblg.k-img.com/restaurant/images/Rvw/189977/ea62d3eee47e0bb3b2b70f5a6dba207c.jpg','https://tblg.k-img.com/restaurant/images/Rvw/135686/640x640_rect_135686982.jpg','https://tblg.k-img.com/restaurant/images/Rvw/73265/640x640_rect_73265136.jpg','https://tblg.k-img.com/restaurant/images/Rvw/138648/640x640_rect_138648347.jpg','tavern on S <és>','https://www.abysse.co.jp/flags/wp-content/uploads/2019/08/4beefb0aff8da8b8bb82bcdcbf5df871.png');
INSERT INTO eat (id,name,area,genre,detail,star,link,pic,inside,outside,food,read,flag) VALUES ('19','韓国料理 水刺齋','新宿','その他','韓国料理','3.46','http://suranje.com/','https://tblg.k-img.com/resize/660x370c/restaurant/images/Rvw/24852/24852642.jpg?token=0507729&api=v2','https://tblg.k-img.com/restaurant/images/Rvw/9081/640x640_rect_9081414.jpg','https://tblg.k-img.com/restaurant/images/Rvw/162127/640x640_rect_162127666.jpg','https://tblg.k-img.com/restaurant/images/Rvw/70924/640x640_rect_70924145.jpg','Suranje','https://freesozai.jp/sozai/nation_flag/ntf_125.svg');


INSERT INTO comments (eatid,bango,namae,comment) VALUES ('1','2','luck_4413','フレンチトーストがふわふわでおいしかったです');
INSERT INTO comments (eatid,bango,namae,comment) VALUES ('2','5','Daniel Darby','プリンもガトーショコラも濃厚で美味しかったです。店員さんも気さくに話しかけてくれて居心地がよかったです。まさにイイジカン。');
INSERT INTO comments (eatid,bango,namae,comment) VALUES ('3','14','花澤賢章','ランチセットは選べるオードブルとメインディッシュだけでなく、手作りデザートプレートとドリンク付きで超お得。オードブルのソースは主にパセリのヴェルデソースとオリーブオイル。メインディッシュは、カモのコンフィや魚の包み焼などがおすすめです。トマトソースやバターソースなどが使われています。');
INSERT INTO comments (eatid,bango,namae,comment) VALUES ('4','8','Masaki Kanda','ソースがガーリック風味でおいしかったです。ガーリックライスもつけておなかいっぱいです！');
INSERT INTO comments (eatid,bango,namae,comment) VALUES ('5','13','Ren Xiaozhi','市ヶ谷でとんかつといえばここしかない。上ロースを食べましたが評判通りサクサクでとてもおいしかったです。');
INSERT INTO comments (eatid,bango,namae,comment) VALUES ('5','11','Shan Wenjie','お仕事帰りによく食べに行きます。何もつけなくてもいいほどおいしいです。もちろんソース、塩、ワサビなどいろいろトッピングを選ぶことができまｓ。');
INSERT INTO comments (eatid,bango,namae,comment) VALUES ('5','10','黒うさぎ','以前から気になっていたとんかつ屋さん！メニューは迷った結果１３００円の平日限定ランチにしました。表面サクサク中身ジューシーでとてもおいしい。付け合わせのお味噌汁もおいしいです。また行きたいです。');
INSERT INTO comments (eatid,bango,namae,comment) VALUES ('5','12','Wang Qiaolin','人気なとんかつ屋さんだけあってとても形がきれいです。芸術的でうっとりしちゃうなぁ');
INSERT INTO comments (eatid,bango,namae,comment) VALUES ('6','3','みほこ','一回目はおいしかったですが、行く回数が増えると、味付けが雑だと感じました。やはり広東人の料理人でないといけないですね。');
INSERT INTO comments (eatid,bango,namae,comment) VALUES ('6','6','al5@h243o52hq','隣のラーメン屋さんはいつもすごい行列できているので、最初は間違えてそっちに入りました。香港料理の飲茶より主食を扱っている店です。味付けは同じ調味料を使っている見たいで、違う料理でも同じ味がします。');
INSERT INTO comments (eatid,bango,namae,comment) VALUES ('6','9','喜谷真亜子','夫婦二人で経営しているお店で、忙しくなくても接客は非常に不愛想です。でも料理に肉がいっぱい入れてもらったので許す。焼ききしめんと牛肉大根の煮込みがおすすめです。');
INSERT INTO comments (eatid,bango,namae,comment) VALUES ('6','14','花澤賢章','開店的夫婦一聴就不是正経広東人，大概是江浙沪一带的人。做得菜一天比一天咸，焼鴨焼肉也很咸。午餐套餐裏的冰奶茶很好喝，虽然応該是冲的。');
INSERT INTO comments (eatid,bango,namae,comment) VALUES ('7','7','弥勒菩薩','オープンテラスの席は、交差点が一望できて解放感がすごく良い。店内のインテリアもおしゃれです。ランチセットは春巻きとスープ付きですが、メインディッシュは結構時間かかります。');
INSERT INTO comments (eatid,bango,namae,comment) VALUES ('7','6','al5@h243o52hq','ランチセットはグリーンカレー、パッタイ、カオマンガイ、ガパオライスなど、8つぐらいの選択肢があり、毎日来てもいいと思います。ただ、平均1300円で新社会人にとってはちょっとお高いかもしれません。');
INSERT INTO comments (eatid,bango,namae,comment) VALUES ('7','13','Ren Xiaozhi','時々同期とここでランチを食べます。市ヶ谷・麹町を行き来する社畜たちを眺めながらおいしいごはんを食べ、気兼ねなくおしゃべりして自分も社畜の一員であることを一時忘れることができるところです。');
INSERT INTO comments (eatid,bango,namae,comment) VALUES ('7','15','ゆい','市ヶ谷周辺で割と人気ある店で、早めに行かないとすぐ行列ができてしまいます。店員さんは非常に多忙で、セットのスープの辛さを聞き忘れてしまうかもしれませんので、辛いものNGの人は予め伝えた方がいいかもしれません。');
INSERT INTO comments (eatid,bango,namae,comment) VALUES ('8','9','喜谷真亜子','さすが老舗の人気店。唐揚げとカキフライとシーザーサラダをたべましたがどれも絶品でした。また今度ほかのお料理も食べてみたいです。');
INSERT INTO comments (eatid,bango,namae,comment) VALUES ('8','4','張三峰','２９日のローストビーフの日に遊びに行きました。ローズマリーの味が聞いてて本当に感動しました！デザートもおいしかったです。');
INSERT INTO comments (eatid,bango,namae,comment) VALUES ('8','5','Daniel Darby','混んでいる時間帯に行きましたが、店員さんが丁寧に接客してくれたのがとてもうれしかったです。お料理は和風ハンバーグを注文しましたが絶品でした。');
INSERT INTO comments (eatid,bango,namae,comment) VALUES ('8','1','はると','よく利用させていただいているお店です。いつも通り唐揚げとポークソテーを注文しましたが変わらず美味しいです。');
INSERT INTO comments (eatid,bango,namae,comment) VALUES ('9','4','張三峰','総体来説不像是新疆人開的，像是東北人開的。虽然有烤羊排和拉皮之類的新疆菜，但菜单裏鍋包肉和地三鮮之類的東北菜也很多，而且整体很咸。羊肉串類的全是冷凍的肉，不是很新鮮。');
INSERT INTO comments (eatid,bango,namae,comment) VALUES ('9','3','みほこ','不思議な不思議な池袋、東が西武で西東武。その西口の端っこにある新疆料理屋さん。店員さんも客もほぼ全員が中国人。やはり本物の中華街は横浜や神戸より、池袋と西川口ですかね？');
INSERT INTO comments (eatid,bango,namae,comment) VALUES ('9','7','弥勒菩薩','日本の中華料理屋さんで絶対見られない本物の中国料理を扱っているお店。味付けも日本向けに調整されていません。串焼きにはラム肉や牛肉のほかに、野菜や豆腐とかもあります。たまに蛹の串焼きをたのむ中国人を見かけます。');
INSERT INTO comments (eatid,bango,namae,comment) VALUES ('9','2','luck_4413','店内に個室がたくさんあり、中華特徴的な回転テーブルも整備されて、忘年会などに向いていると思います。値段もリーズナブルです。');
INSERT INTO comments (eatid,bango,namae,comment) VALUES ('10','12','Wang Qiaolin','チェーンの回転ずしとは比べ物にならないおいしさ！鮮度や質が違います。客層もよく衛生面の心配もないです。');
INSERT INTO comments (eatid,bango,namae,comment) VALUES ('10','14','花澤賢章','西武百貨店にあるだけあってちゃんとしたお店だったと思います。板前さんたちの職人感がとてもいい！どのネタも脂がのっていてとてもおいしいです！最近回転ずしはあまりよくないイメージがありますがこのお店には負けずに頑張ってほしいです！まぁ余計な心配だと思いますが');
INSERT INTO comments (eatid,bango,namae,comment) VALUES ('10','13','Ren Xiaozhi','土曜日の１９時頃訪問、人気のお店なので一時間ほど待ちました。大トロ、サーモン、甘えび、えんがわなどなどどれもおいしかったです。待ったかいがありました。');
INSERT INTO comments (eatid,bango,namae,comment) VALUES ('10','8','Masaki Kanda','平日１５時ごろ来店したのですぐに入れました。外国のお客さんが多かった印象。おいしかったです。');
INSERT INTO comments (eatid,bango,namae,comment) VALUES ('11','11','Shan Wenjie','This restaurant is located in Ikebukuro Seibu department store, featuring french cuisine especially lyon. The scallops and escargot was tender and rich. However, the steak was not stunning but cost too much. ');
INSERT INTO comments (eatid,bango,namae,comment) VALUES ('11','10','黒うさぎ','エスカルゴが非常に食べたい日にこの店に入り、丁度エスカルゴを扱っています。ハーブバターで香ばしく焼きあがっておいしかったです。メインディッシュのホタテも分厚くて甘い。片面しか焼き色ついてないのは唯一の減点ポイント。');
INSERT INTO comments (eatid,bango,namae,comment) VALUES ('11','12','Wang Qiaolin','西武池袋のレストラン街にあるフランスビストロ。テーブルが少なめで、狭い店に解放感を作っています。中の店員さんはすごく上品な人で、居心地が良かったです。');
INSERT INTO comments (eatid,bango,namae,comment) VALUES ('11','6','al5@h243o52hq','一人だったので黙々といただいてササッと帰りましたが、できれば2人以上で来て、違うものをオーダー、シェアしてワインをいただきながらもうちょっと長居をしたいお店です。またチャンスがあればあれこれいただいてみたいと思います。');
INSERT INTO comments (eatid,bango,namae,comment) VALUES ('12','15','ゆい','スープがめちゃくちゃこってりです。しかし定期的に食べたくなるこの味…');
INSERT INTO comments (eatid,bango,namae,comment) VALUES ('12','5','Daniel Darby','くたくたの仕事終わり、がっつり食べたいときによく行きます。餃子もニンニクの味が効いたこってりラーメンも疲れた体に最高です。');
INSERT INTO comments (eatid,bango,namae,comment) VALUES ('12','1','はると','店員さんの接客は悪くないのですが少し口うるさい常連客が感じ悪いです…。');
INSERT INTO comments (eatid,bango,namae,comment) VALUES ('12','3','みほこ','ラーメンが有名ですが、唐揚げもおいしいので是非食べてみてほしいです。');
INSERT INTO comments (eatid,bango,namae,comment) VALUES ('13','1','はると','おいしく健康的で心にしみます。。。');
INSERT INTO comments (eatid,bango,namae,comment) VALUES ('14','6','al5@h243o52hq','卵がふわふわで今まで食べたオムライスの中で一番おいしかったです。伊勢丹の中にあり場所もわかりやすいです。ゆっくりと落ち着いた時間を過ごせました。');
INSERT INTO comments (eatid,bango,namae,comment) VALUES ('14','8','Masaki Kanda','新宿伊勢丹に行く機会があったので行ってみました。人気のハンバーグを注文しました！とてもジューシーで絶品でした。トリュフ塩もデミグラスも選ぶことができて最高！');
INSERT INTO comments (eatid,bango,namae,comment) VALUES ('14','15','ゆい','インスタで見かけて来店しました。祝日のランチの時間帯でしたが１０分ほどで入ることができました。チーズスフレオムレツは今まで食べたオムライスの中でもとろとろふわっふわでしたね。。。(^▽^)/');
INSERT INTO comments (eatid,bango,namae,comment) VALUES ('14','4','張三峰','内装の本棚？はインスタ映えしそうです！全体的に雰囲気が上品で店員さんたちも品があって素敵なお店でした。女子会にお勧めです');
INSERT INTO comments (eatid,bango,namae,comment) VALUES ('15','10','黒うさぎ','何度来てもおいしい。カキのピザにはたっぷりのモッツアレラチーズとズッキーニが乗ってておすすめです。ランチタイムにも生カキはあります。');
INSERT INTO comments (eatid,bango,namae,comment) VALUES ('15','6','al5@h243o52hq','新宿三丁目駅からすぐにあるお店、H＆Mの裏手にありました。ランチタイムも予約ができたので予約してからの来店です。ランチは1100円でメインのお料理を選んで、サラダとドリンクがついてきます。生牡蠣はランチタイムもオーダー可能です。店内はカウンター席とテーブル席で少し変わった作りです。予約しなくても入れるかな〜という印象ですが、新宿ランチ難民にはなりたくないので個人的には予約をおすすめします。');
INSERT INTO comments (eatid,bango,namae,comment) VALUES ('15','9','喜谷真亜子','牡蠣は久しぶりでした。単品で頼めて1つ440円〜660円、盛り合わせもある。ポン酢やレモンタバスコ、ワインビネガーなどかけても良かったのだが、どれも塩気あったからそのままで牡蠣本来の味も楽しめて良かった。');
INSERT INTO comments (eatid,bango,namae,comment) VALUES ('15','14','花澤賢章','11月11日はジャックポットの日！毎年やっているらしい、お祝いイベント。恒例らしいじゃんけん大会もあり、豪華賞品をかけ、熱いじゃんけんバトルも繰り広げられました。お会計の時には半年くらい有効期限のある、1000円チケットを人数分プレゼントしてくれました。');
INSERT INTO comments (eatid,bango,namae,comment) VALUES ('16','11','Shan Wenjie','クジラのしゃぶしゃぶは初めてでした。土佐名物であるカツオの藁焼きも非常に香ばしい。店員さんはとても丁寧で、楽しく過ごしました。');
INSERT INTO comments (eatid,bango,namae,comment) VALUES ('17','2','luck_4413','利用している客は中国人より日本人が多いですが、味はちゃんと本場の味をしています。ただし、値段が高いだけでなく、サービス料も取られました。');
INSERT INTO comments (eatid,bango,namae,comment) VALUES ('17','3','みほこ','新宿店は個室予約が出来るので、並ばずに入れるのが魅力です。個室は4名まで入れますが、殆どのお料理が3つなので、いつも3名で食べに行きます。大人気チャーシューパオはじめ、チョンファンにエビ餃子、シューマイ、どれも美味しいのですが、今回初めて食べた鶏肉と生姜の蒸しご飯が良い塩梅で、とても気に入りました。');
INSERT INTO comments (eatid,bango,namae,comment) VALUES ('17','7','弥勒菩薩','香港のミシュラン1星の飲茶店です。味も本場の味と一緒です。お料理は3個づつで、少ないと思われるかもしれませんが、結構脂っこいので全部食べるとすぐ飽きてしまいます。２、３人の会に向いていると思います。');
INSERT INTO comments (eatid,bango,namae,comment) VALUES ('17','2','luck_4413','ランチメニュー等は無く終日アラカルトと言うか単品で。本場の飲茶同様、入店時に手渡されたメニュー表に自ら個数を記入し注文するスタイルです。各テーブルにはステンレス製の大きなポットに入ったお茶がありセルフサービスです。');
INSERT INTO comments (eatid,bango,namae,comment) VALUES ('18','1','はると','メインディッシュよりデザートの方が印象的でした。デザートは量が多いだけでなく、味もしっかりしています。店内の雰囲気もすごくいいです。');
INSERT INTO comments (eatid,bango,namae,comment) VALUES ('18','4','張三峰','こちらのお店は人気レストランリゴレットなどを展開する会社が手掛ける「オールデイズで使えるニューアメリカンダイニング」がコンセプトのお店。カジュアルに良質なアメリカンダイニングを楽しめるレストランです。');
INSERT INTO comments (eatid,bango,namae,comment) VALUES ('18','5','Daniel Darby','新宿で綺麗な店内、座り心地、お料理、接客、コスパがトップクラスだなーと思う安心して行けるお店さんです。NEWoMan新宿にあるので駅近。店内がかなり広くて、明るく活気あふれるバーエリア、ダイニングには迫力あるオープンキッチン、ムーディーなソファ席、特別な日に使いたい個室があります。エリア別で雰囲気がガラッと違うので予約の際に利用シーンを伝えれば満足行くお席を紹介してもらえるはずです。');
INSERT INTO comments (eatid,bango,namae,comment) VALUES ('18','1','はると','お料理はアメリカンなものが多いですが、かと言ってジャンキーな感じではないので美味しくいただくことができます。お酒はワインやシャンパンが多く感じたのでお酒が好きな方、バー利用がメインな方でも満足されること間違えないです。');
INSERT INTO comments (eatid,bango,namae,comment) VALUES ('19','13','Ren Xiaozhi','高島屋にあるのでコスパが非常に悪い。しかしクオリティーが低いです。味が普通で量も少ない。やはり韓国料理は新大久保の方がいいかもしれません。');
INSERT INTO comments (eatid,bango,namae,comment) VALUES ('19','11','Shan Wenjie','ザ・本格韓国料理店！サムギョプサルとチーズと冷麺をふたりで食べました。おいしすぎてすぐおなかに入っちゃいました( ´∀｀ )しあわせしあわせ！');
INSERT INTO comments (eatid,bango,namae,comment) VALUES ('19','10','黒うさぎ','店内は広くて落ち着いていてとても落ち着いた時間を過ごせます。スンドゥブチゲは豆腐に味が染みてておいしいです。');
INSERT INTO comments (eatid,bango,namae,comment) VALUES ('3','7','弥勒菩薩','いつも美味しく頂いています！前菜は素朴な味付けで食材本来の味を120%引き立っている。メインのイトヨリは分厚くて柔らかい。');
INSERT INTO comments (eatid,bango,namae,comment) VALUES ('3','10','黒うさぎ','市ヶ谷から飯田橋方面に行く途中にあるお店。夫婦二人が経営しているお店で、めちゃくちゃ美味いしボリュームも多い。エイのワイン蒸し焼きは柔らかい。ソースに溶け込んだバターの香りがパンとの相性はばつぐん。パンは自家製で、お代わりもできます。');
INSERT INTO comments (eatid,bango,namae,comment) VALUES ('3','8','Masaki Kanda','A restaurant that I stop by every time I go to Ichigaya. Very satisfied with homely taste and volume! ︎ The lunch menu is very rich and I love the homemade dessert platter. There is also a delicious coffee or tea coming with dessert.');
INSERT INTO comments (eatid,bango,namae,comment) VALUES ('16','9','喜谷真亜子','こちらのお店は、新宿野村ビルの50階に有り、窓からはすばらしい夜景が望めます。店内は広くテーブル席以外にも、和室、個室とかもあるようです。お店の方も非常に感じが良くて、いろいろとお話をすることが出来ました。窓からの景色も良く、大切な日のお食事にも使えそうです。');
INSERT INTO comments (eatid,bango,namae,comment) VALUES ('16','15','ゆい','お席を予約する場合、1,800円以上のコースの注文が必要です。鰹のたたきには生姜or薄切りのニンニクor両方を添えることができます。ご飯はおかわり無料です。肉厚の炭火焼の鰹のたたきはお薬味やわかめをたっぷりのせていただきました。5貫でお腹いっぱいです。春カツオ、旬の味覚は格別です。');
INSERT INTO comments (eatid,bango,namae,comment) VALUES ('1','14','花澤賢章','人気のベーカリーというということでランチタイムには行列ができていました(-_-;)お昼時行かれる方は予約必須ですね');
INSERT INTO comments (eatid,bango,namae,comment) VALUES ('1','6','al5@h243o52hq','フレンチトーストを食べましたがサクサクしてて柔らかくとても絶品でした(^▽^)/またいけたらいいな！');
INSERT INTO comments (eatid,bango,namae,comment) VALUES ('1','5','Daniel Darby','a restaurant that I stop by every time I go to Ichigaya. Very satisfied with homely taste and volume! ︎ The lunch menu is very rich and I love the homemade dessert platter. There is also a delicious coffee or tea coming with dessert.');
INSERT INTO comments (eatid,bango,namae,comment) VALUES ('4','12','Wang Qiaolin','仕事終わりに同期と食べに行きました。一見ソースはチーズ風味なのかなと思いましたがガーリックバター風味で驚きました。ボリューミーで元気が出ました。');
INSERT INTO comments (eatid,bango,namae,comment) VALUES ('4','4','張三峰','大好きなアイドルの番組で紹介されたので行ってみました！落ち着いた雰囲気で囲碁ごちがよかったです。料理はノーマルとチーズで迷った挙句チーズを選択、、悔いなし、、、ただ気になるのでまた今度ノーマルバージョンにも挑戦してみたいな。');



INSERT INTO human (bango,namae,password) VALUES ('1','はると','111');
INSERT INTO human (bango,namae,password) VALUES ('2','luck_4413','222');
INSERT INTO human (bango,namae,password) VALUES ('3','みほこ','333');
INSERT INTO human (bango,namae,password) VALUES ('4','張三峰','444');
INSERT INTO human (bango,namae,password) VALUES ('5','Daniel Darby','555');
INSERT INTO human (bango,namae,password) VALUES ('6','al5@h243o52hq','666');
INSERT INTO human (bango,namae,password) VALUES ('7','弥勒菩薩','777');
INSERT INTO human (bango,namae,password) VALUES ('8','Masaki Kanda','888');
INSERT INTO human (bango,namae,password) VALUES ('9','喜谷真亜子','999');
INSERT INTO human (bango,namae,password) VALUES ('10','黒うさぎ','100');
INSERT INTO human (bango,namae,password) VALUES ('11','Shan Wenjie','110');
INSERT INTO human (bango,namae,password) VALUES ('12','Wang Qiaolin','120');
INSERT INTO human (bango,namae,password) VALUES ('13','Ren Xiaozhi','130');
INSERT INTO human (bango,namae,password) VALUES ('14','花澤賢章','140');
INSERT INTO human (bango,namae,password) VALUES ('15','ゆい','150');

