INSERT INTO eat (id,name,area,genre,detail,star,link,pic) VALUES ('1','No.4','市ヶ谷','洋食','パン','3.72','https://www.tysons.jp/no4/','https://ichigaya-mag.com/wp-content/uploads/2020/11/201127_b_06.jpg');
INSERT INTO eat (id,name,area,genre,detail,star,link,pic) VALUES ('2','呑める喫茶店イイジカン','市ヶ谷','洋食','ワインバー','3.57','https://www.instagram.com/iijikan_koujimachi/','https://tblg.k-img.com/restaurant/images/Rvw/174400/640x640_rect_8b7d389f1d534bbb43af4bb83f545bf5.jpg');
INSERT INTO eat (id,name,area,genre,detail,star,link,pic) VALUES ('3','グローブ デュ モンド','市ヶ谷','洋食','フレンチ','3.52','https://www.instagram.com/globedumonde/','https://th.bing.com/th/id/R.906b56d37804c78268e9747e014e1df7?rik=rkrKlEcSwTa%2bfQ&riu=http%3a%2f%2fstatic.flickr.com%2f104%2f312021316_cdf0516529_o.jpg&ehk=3eXWS5hCmInT9GhGrTddfnjtguIquYSI38OLopQAeLo%3d&risl=&pid=ImgRaw&r=0');
INSERT INTO eat (id,name,area,genre,detail,star,link,pic) VALUES ('4','旬菜ステーキ処 らいむらいと','市ヶ谷','洋食','ハンバーグ','3.61','http://limelight.tokyo/','https://limelight.tokyo/img/menu/lunch/02-02.jpg');
INSERT INTO eat (id,name,area,genre,detail,star,link,pic) VALUES ('5','とんかつ 河むら','市ヶ谷','和食','とんかつ','3.44','https://tonkatsukawamura.owst.jp','https://cdn.jalan.jp/jalan/img/8/spot/0548/KL/foomoojH000548059_1.jpg');
INSERT INTO eat (id,name,area,genre,detail,star,link,pic) VALUES ('6','香港華記茶餐廳','市ヶ谷','中華','香港料理','3.34','https://www.facebook.com/wahkeejapan/','https://tblg.k-img.com/resize/660x370c/restaurant/images/Rvw/89864/89864133.jpg?token=5d05791&api=v2');
INSERT INTO eat (id,name,area,genre,detail,star,link,pic) VALUES ('7','タイの食卓 オールドタイランド','市ヶ谷','その他','カレー','3.47','http://www.sscy.co.jp/oldthailand/shopinfo_ichigaya.html','https://rimage.gnst.jp/rest/img/8wuhetrf0000/s_0n5m.jpg?t=1564420805');
INSERT INTO eat (id,name,area,genre,detail,star,link,pic) VALUES ('8','銀座洋食 三笠會館','池袋','洋食','洋食','3.49','http://www.mikasakaikan.co.jp/restaurant/yoshoku/ginzayoshoku-mikasakaikan/index','https://www.mikasakaikan.co.jp/admin/wp-content/uploads/2017/06/f6f77a1616e27fc34eb1a81aa7dc6262.jpg');
INSERT INTO eat (id,name,area,genre,detail,star,link,pic) VALUES ('9','アリヤ 清真美食','池袋','中華','新疆料理','3.43','https://gftv700.gorp.jp/','https://image.space.rakuten.co.jp/d/strg/ctrl/9/99f7a51413b1f1af6b20b12573de9d6ab4b8f23f.12.2.9.2.jpeg');
INSERT INTO eat (id,name,area,genre,detail,star,link,pic) VALUES ('10','回し寿司 活 活美登利','池袋','和食','寿司','3.49','https://katumidori.co.jp/','https://lh5.googleusercontent.com/proxy/a4wU9vp02FvFCXqNfw7RIJjLxbY3CGqejBEnaqrMV56dNdV2ytiLqB479pTdEGGw6gkJK_Dqy-GVyjmJogi-Qlx3gp4wo4gA-lSnCUB2slGU8I5m2aE17NBLH3MIv1Ta=w1200-h630-p-k-no-nu');
INSERT INTO eat (id,name,area,genre,detail,star,link,pic) VALUES ('11','ブラッスリー・ル・リオン','池袋','洋食','フレンチ','3.46','https://lelion.owst.jp/','https://tblg.k-img.com/restaurant/images/Rvw/76085/640x640_rect_76085973.jpg');
INSERT INTO eat (id,name,area,genre,detail,star,link,pic) VALUES ('12','天下一品','池袋','中華','ラーメン','3.25','http://www.tenkaippin.co.jp/','https://kai-you.net/r/img_words/15181/c688x516/d41d8cd98f00b204e9800998ecf8427e.jpg');
INSERT INTO eat (id,name,area,genre,detail,star,link,pic) VALUES ('13','和食・酒 えん','池袋','和食','居酒屋','3.33','https://en-ikebukuro-parco.com','https://th.bing.com/th/id/R.124fa4b6ac201da3195942d5c82100be?rik=%2b%2bT6cZmrGPCkYg&riu=http%3a%2f%2fwww.towers.jp%2fwebroot%2frestaurant%2fimg%2fscene-info-photo-rooms4.png&ehk=COakN07LCTM7jGP8ttLhtKsH1nuVWLMKWOYFObzU8xc%3d&risl=&pid=ImgRaw&r=0');
INSERT INTO eat (id,name,area,genre,detail,star,link,pic) VALUES ('14','ビストロカフェ レディース&ジェントルメン','新宿','洋食','オムライス','3.48','https://www.transit-web.com/content/shops/bistro_cafe_ladiesgentlemen/','https://ximg.retty.me/resize/s600x600/q80/das/-/retty/img_repo/l/01/19590730.jpg');
INSERT INTO eat (id,name,area,genre,detail,star,link,pic) VALUES ('15','Oyster Bar ジャックポット','新宿','洋食','オイスターバー','3.43','https://www.jack-pot.co.jp/brands/oyster_bar_jackpot-shinjuku/','https://tblg.k-img.com/restaurant/images/Rvw/78372/640x640_rect_78372372.jpg');
INSERT INTO eat (id,name,area,genre,detail,star,link,pic) VALUES ('16','土佐料理 祢保希','新宿','和食','しゃぶしゃぶ','3.47','https://www.katsuo.co.jp/neboke-shinjuku/','https://tblg.k-img.com/resize/660x370c/restaurant/images/Rvw/130960/130960509.jpg?token=27aacea&api=v2');
INSERT INTO eat (id,name,area,genre,detail,star,link,pic) VALUES ('17','添好運','新宿','中華','香港料理','3.49','http://timhowan.jp','https://th.bing.com/th/id/OIP.-jVe84XT1HIO_ZEr88SRzwHaE7?pid=ImgDet&rs=1');
INSERT INTO eat (id,name,area,genre,detail,star,link,pic) VALUES ('18','tavern on S <es>','新宿','洋食','アメリカ料理','3.49','http://tavernons.jp/','https://tblg.k-img.com/restaurant/images/Rvw/189977/ea62d3eee47e0bb3b2b70f5a6dba207c.jpg');
INSERT INTO eat (id,name,area,genre,detail,star,link,pic) VALUES ('19','韓国料理 水刺齋','新宿','その他','韓国料理','3.46','http://suranje.com/','https://tblg.k-img.com/resize/660x370c/restaurant/images/Rvw/24852/24852642.jpg?token=0507729&api=v2');


INSERT INTO comments (eatid,bango,namae,comment) VALUES ('1','1','はると','フレンチトーストがふわふわでおいしかったです');
INSERT INTO comments (eatid,bango,namae,comment) VALUES ('2','2','luck_4413','プリンがとても濃厚で接客がよかった');
INSERT INTO comments (eatid,bango,namae,comment) VALUES ('3','3','みほこ','ランチセットはデザートプレート付きで超お得。');
INSERT INTO comments (eatid,bango,namae,comment) VALUES ('4','4','張三','ソースがガーリック風味でおいしかったです。');
INSERT INTO comments (eatid,bango,namae,comment) VALUES ('5','5','caesar','市ヶ谷でとんかつといえばここしかない。');
INSERT INTO comments (eatid,bango,namae,comment) VALUES ('6','6','al5.h243o52hq','どんどん味が落ちていく感じがします。');
INSERT INTO comments (eatid,bango,namae,comment) VALUES ('7','7','弥勒菩薩','オープンテラスの席で解放感が良い。');
INSERT INTO comments (eatid,bango,namae,comment) VALUES ('8','8','qwer','最高！その一言に尽きる。');
INSERT INTO comments (eatid,bango,namae,comment) VALUES ('9','4','張三','不像是新疆人開的，像是東北人開的。');
INSERT INTO comments (eatid,bango,namae,comment) VALUES ('10','6','al5.h243o52hq','やっぱりチェーん軟化より全然違う！！！');
INSERT INTO comments (eatid,bango,namae,comment) VALUES ('11','5','caesar','Too expensive!!!!');
INSERT INTO comments (eatid,bango,namae,comment) VALUES ('12','1','はると','スープがめちゃくちゃこってりで疲れました。');
INSERT INTO comments (eatid,bango,namae,comment) VALUES ('13','2','luck_4413','おいしく健康的で心にしみます。。。');
INSERT INTO comments (eatid,bango,namae,comment) VALUES ('14','3','みほこ','卵がふわふわで今まで食べたオムライスの中で一番おいしかったです。');
INSERT INTO comments (eatid,bango,namae,comment) VALUES ('15','4','張三','何度来てもおいしい。カキのピザがおすすめ。');
INSERT INTO comments (eatid,bango,namae,comment) VALUES ('16','5','caesar','クジラのしゃぶしゃぶは初めて。');
INSERT INTO comments (eatid,bango,namae,comment) VALUES ('17','6','al5.h243o52hq','値段が高いだけでなく、サービス料も取られました。');
INSERT INTO comments (eatid,bango,namae,comment) VALUES ('18','7','弥勒菩薩','メインディッシュよりデザートの方が印象的でした。');
INSERT INTO comments (eatid,bango,namae,comment) VALUES ('19','8','qwer','高島屋にあるのでコスパが悪い。韓国料理なら新大久保の方がいい。');
INSERT INTO comments (eatid,bango,namae,comment) VALUES ('3','4','張三','いつも美味しく頂いています！前菜は素朴な味付けで食材本来の味を120%引き立っている。メインのイトヨリは分厚くて柔らかい。');
INSERT INTO comments (eatid,bango,namae,comment) VALUES ('3','5','caesar','市ヶ谷から飯田橋方面に行く途中にあるお店。夫婦二人が経営しているお店で、めちゃくちゃ美味いしボリュームも多い。エイのワイン蒸し焼きは柔らかい。ソースに溶け込んだバターの香りがパンとの相性はばつぐん。パンは自家製で、お代わりもできます。');
INSERT INTO comments (eatid,bango,namae,comment) VALUES ('3','6','al5.h243o52hq','A restaurant that I stop by every time I go to Ichigaya. Very satisfied with homely taste and volume! ︎ The lunch menu is very rich and I love the homemade dessert platter. There is also a delicious coffee or tea coming with dessert.');
INSERT INTO comments (eatid,bango,namae,comment) VALUES ('16','7','弥勒菩薩','こちらのお店は、新宿野村ビルの50階に有り、窓からはすばらしい夜景が望めます。店内は広くテーブル席以外にも、和室、個室とかもあるようです。お店の方も非常に感じが良くて、いろいろとお話をすることが出来ました。窓からの景色も良く、大切な日のお食事にも使えそうです。');
INSERT INTO comments (eatid,bango,namae,comment) VALUES ('16','8','qwer','お席を予約する場合、1,800円以上のコースの注文が必要です。鰹のたたきには生姜or薄切りのニンニクor両方を添えることができます。ご飯はおかわり無料です。肉厚の炭火焼の鰹のたたきはお薬味やわかめをたっぷりのせていただきました。5貫でお腹いっぱいです。春カツオ、旬の味覚は格別です。');
INSERT INTO comments (eatid,bango,namae,comment) VALUES ('1','4','張三','人気のベーカリーというということでランチタイムには行列ができていました(-_-;)お昼時行かれる方は予必須ですね');
INSERT INTO comments (eatid,bango,namae,comment) VALUES ('1','6','al5.h243o52hq','フレンチトーストを食べましたがサクサクしてて柔らかくとても絶品でした(^▽^)/またいけたらいいな！');
INSERT INTO comments (eatid,bango,namae,comment) VALUES ('1','5','caesar','期間限定のストロベリートーストを食べました。めちゃくちゃ美味しかったです。インスタ映え間違いなし。お店の雰囲気も良く、店員さんの接客もとても親切に感じました。');
INSERT INTO comments (eatid,bango,namae,comment) VALUES ('4','1','はると','仕事終わりに同期と食べに行きました。一見ソースはチーズ風味なのかなと思いましたがガーリックバター風味で驚きました。ボリューミーで元気が出ました。');
INSERT INTO comments (eatid,bango,namae,comment) VALUES ('4','2','luck_4413','大好きなアイドルの番組で紹介されたので行ってみました！落ち着いた雰囲気で囲碁ごちがよかったです。料理はノーマルとチーズで迷った挙句チーズを選択、、悔いなし、、、ただ気になるのでまた今度ノーマルバージョンにも挑戦してみたいな。');



INSERT INTO human (bango,namae,password) VALUES ('1','はると','111');
INSERT INTO human (bango,namae,password) VALUES ('2','luck_4413','222');
INSERT INTO human (bango,namae,password) VALUES ('3','みほこ','333');
INSERT INTO human (bango,namae,password) VALUES ('4','張三','444');
INSERT INTO human (bango,namae,password) VALUES ('5','caesar','555');
INSERT INTO human (bango,namae,password) VALUES ('6','al5.h243o52hq','666');
INSERT INTO human (bango,namae,password) VALUES ('7','弥勒菩薩','777');
INSERT INTO human (bango,namae,password) VALUES ('8','qwer','1234');

